close,high,low,open,timestamp,volume
41.0875,41.0875,41.0875,41.0875,1660780800,0.20
41.0875,41.0875,41.0875,41.0875,1660867200,0.00
41.0875,41.0875,41.0875,41.0875,1660953600,0.00
41.0875,41.0875,41.0875,41.0875,1661040000,0.00
41.0875,41.0875,41.0875,41.0875,1661126400,0.00
41.0875,41.0875,41.0875,41.0875,1661212800,0.00
35.4695,41.0000,35.3779,35.4143,1661299200,697.50
35.7900,36.2519,35.0723,35.0723,1661385600,1214.05
31.7049,35.3977,31.5220,34.6600,1661472000,2189.86
31.5634,32.1497,31.0000,31.8763,1661558400,596.59
30.6181,31.9552,30.6181,31.4399,1661644800,1219.10
32.0653,32.0946,30.1300,30.5383,1661731200,2430.68
31.5652,32.9217,30.6987,32.2783,1661817600,2187.49
31.4562,32.7500,31.2950,31.5885,1661904000,1485.13
31.5013,31.7089,30.6152,31.7089,1661990400,1216.55
31.0775,32.3137,30.8589,31.5800,1662076800,682.20
31.1169,31.2470,30.9097,31.1091,1662163200,1325.28
32.0907,32.1284,31.1000,31.1165,1662249600,2613.72
32.3103,39.0000,31.2000,32.4138,1662336000,1258.28
30.8954,34.7165,30.6550,33.0413,1662422400,11531.28
32.8050,35.9659,30.3903,30.8201,1662508800,2983.40
33.3796,33.8066,32.0906,32.5730,1662595200,2693.44
34.9690,35.8958,34.0225,34.0706,1662681600,5641.84
35.2500,35.2500,34.3100,34.8086,1662768000,819.54
34.9220,35.9765,34.1388,35.0015,1662854400,4251.23
37.3486,38.1766,34.4264,34.6850,1662940800,6324.77
33.1136,38.9000,33.0531,37.1700,1663027200,6517.64
34.0101,34.3690,32.7278,33.0110,1663113600,5503.40
33.1098,34.7663,32.6668,34.1026,1663200000,7598.15
32.1177,33.2067,31.5662,32.8169,1663286400,4142.62
33.8302,37.2252,32.3519,32.3519,1663372800,2634.74
30.9939,33.7514,30.9835,33.5056,1663459200,1894.93
32.6270,33.7194,30.6110,33.7194,1663545600,7832.04
31.6781,33.6999,30.6848,32.8079,1663632000,6615.98
30.7730,33.4381,30.2265,32.9978,1663718400,14703.36
32.4044,32.8246,30.9197,30.9519,1663804800,2601.06
33.6826,33.9001,31.3170,32.3820,1663891200,4895.28
33.5187,34.5321,33.2936,33.8263,1663977600,4469.03
32.3351,33.9894,32.0000,33.5657,1664064000,4001.76
33.9280,36.7840,31.9444,32.3157,1664150400,23148.65
32.8813,35.3774,32.4361,33.8368,1664236800,10074.27
33.2815,36.9159,31.7264,32.4091,1664323200,2161.85
33.9094,34.3470,32.0001,33.3915,1664409600,8818.31
33.2069,34.9728,32.6885,33.9176,1664496000,8206.44
32.4942,33.1379,32.3923,33.1366,1664582400,6051.12
31.9964,32.9708,31.9964,32.6512,1664668800,8788.34
32.9485,36.9156,31.7500,31.9735,1664755200,5339.07
34.1343,34.3676,32.8589,33.0341,1664841600,46073.83
33.9790,34.3280,33.1998,33.9750,1664928000,16446.48
33.3744,34.4916,33.2480,34.2276,1665014400,3722.43
32.9682,33.7163,32.5688,33.3562,1665100800,16891.74
32.5444,33.0000,32.4420,32.9833,1665187200,381.29
32.7758,33.1141,32.0087,32.5416,1665273600,1233.09
31.0085,33.3676,31.0085,32.9997,1665360000,1127.28
30.8004,31.7904,30.5928,31.5246,1665446400,2020.73
31.1167,31.4201,30.0052,30.8169,1665532800,1895.52
30.5075,31.2005,28.0000,31.2005,1665619200,10038.84
29.9944,31.9149,29.7080,30.4499,1665705600,14264.06
29.6270,30.1937,29.5000,29.9944,1665792000,1276.75
30.2383,30.4796,29.7409,29.7409,1665878400,646.94
31.2694,31.2694,29.9345,30.0417,1665964800,1847.51
30.1798,31.4474,29.8019,31.1808,1666051200,4672.56
28.8481,30.2167,28.8481,30.2167,1666137600,1333.56
28.1768,29.4174,28.0000,28.8012,1666224000,7336.75
28.1169,28.1516,26.9759,27.8326,1666310400,11445.76
28.0174,28.1877,27.5805,27.8717,1666396800,527.28
29.2465,30.0943,27.8990,28.0427,1666483200,3430.42
28.2233,29.3707,28.0004,29.3707,1666569600,1725.78
30.9480,32.9999,28.1664,28.3192,1666656000,49573.53
31.2206,31.9556,30.7559,30.9249,1666742400,14071.46
30.5471,32.1980,30.5268,31.3573,1666828800,10799.18
32.1442,32.5176,30.1589,30.5404,1666915200,10256.87
32.7461,33.7100,31.9569,32.0711,1667001600,3109.83
32.8426,33.5566,31.9822,32.7750,1667088000,1464.49
32.6441,34.3373,31.7002,33.1500,1667174400,5731.19
32.2701,33.3735,32.1941,32.6548,1667260800,4179.92
30.7731,34.7332,30.2490,31.9602,1667347200,6696.10
31.1512,32.1845,30.7045,30.7045,1667433600,5386.64
33.7334,34.0443,31.1153,31.1153,1667520000,22000.11
36.7530,38.8998,33.7799,33.7799,1667606400,10794.21
32.6068,36.8221,32.5485,36.8221,1667692800,6511.88
29.6113,33.0907,28.1907,32.6455,1667779200,27813.74
24.9998,32.0000,21.0000,29.8506,1667865600,139401.89
13.8500,25.4000,12.4999,24.9997,1667952000,37959.56
17.7399,19.8000,12.8009,14.9607,1668038400,8042.67
16.1228,18.8469,14.5935,17.7016,1668124800,11040.63
14.5537,16.8149,13.3851,16.2721,1668211200,8314.75
12.9660,14.6421,12.8000,14.4872,1668297600,18615.15
13.9819,15.1999,12.2352,13.1651,1668384000,21199.57
14.2934,15.0699,13.5028,14.0699,1668470400,8280.85
14.2892,14.5832,13.5203,14.2934,1668556800,9070.15
13.6092,14.4421,12.9788,14.3170,1668643200,7425.91
13.1931,13.8204,12.9739,13.6353,1668729600,4934.91
12.8128,13.2616,12.5915,13.2616,1668816000,4457.04
12.3879,13.3133,11.8072,12.7821,1668902400,5475.55
11.9092,12.9446,11.3086,12.1001,1668988800,4856.83
12.3540,12.7473,10.9611,12.0319,1669075200,5295.38
14.3287,14.3858,11.4488,12.4163,1669161600,6771.42
14.5647,14.8000,13.8978,14.0426,1669248000,1808.00
14.1570,14.4243,13.9307,14.3395,1669334400,1659.56
13.9504,14.8888,13.9504,14.3120,1669420800,1508.91
14.0816,14.4233,14.0393,14.0683,1669507200,1319.42
13.3527,14.1282,11.1002,14.1282,1669593600,5380.29
13.3872,13.8603,13.2660,13.3693,1669680000,3340.76
14.0920,14.4927,13.3171,13.3465,1669766400,5207.28
13.4826,14.1592,13.3998,14.1523,1669852800,2832.09
13.7466,13.7634,13.3500,13.4688,1669939200,922.98
13.3170,14.2000,13.2071,13.7775,1670025600,1899.96
13.6344,13.6896,13.2894,13.2894,1670112000,847.93
13.8266,14.4998,13.5107,14.0200,1670198400,4443.00
14.1146,14.3504,13.8381,13.8576,1670284800,1989.57
13.5220,14.3048,13.1949,14.3048,1670371200,4887.00
13.7137,13.9599,13.3000,13.4534,1670457600,2070.57
13.5802,14.0998,13.5108,13.7000,1670544000,1961.22
13.5653,13.6915,13.5653,13.5941,1670630400,390.16
13.3996,13.7319,13.3996,13.5685,1670716800,2070.67
13.3162,13.4272,12.5001,13.4262,1670803200,3831.23
13.8027,14.2739,12.9553,13.2606,1670889600,3408.25
14.0947,14.9146,13.8194,13.8999,1670976000,6123.11
14.0008,14.4561,13.9478,14.0807,1671062400,1620.71
12.2329,14.1363,12.0500,14.0394,1671148800,8933.05
12.4454,13.4795,12.0055,12.2354,1671235200,3412.89
12.4583,12.5426,12.2748,12.4596,1671321600,1418.87
11.8405,12.4474,11.6883,12.2352,1671408000,3908.58
12.2631,12.4275,12.0389,12.0390,1671494400,3135.64
12.0876,12.2631,11.8946,12.2016,1671580800,4030.14
11.7364,12.1300,11.7120,12.1245,1671667200,2340.07
11.7805,12.0659,11.6800,11.8091,1671753600,3550.76
11.3959,11.7571,11.1717,11.7570,1671840000,5717.44
11.3882,11.5428,11.2458,11.4716,1671926400,2924.69
11.3287,11.4364,11.1000,11.2785,1672012800,4902.76
11.0376,11.4237,10.5601,11.3752,1672099200,6308.59
9.8091,11.0376,9.4767,11.0267,1672185600,13336.07
9.6624,10.5670,8.1000,9.8324,1672272000,12876.66
9.8595,10.0000,9.0000,9.6624,1672358400,10118.88
9.9451,10.6083,9.6672,9.8888,1672444800,3190.64
9.9781,10.9548,9.7275,9.9780,1672531200,1525.55
11.2662,11.8690,9.8000,9.9152,1672617600,4364.91
13.3481,13.7998,11.1178,11.2927,1672704000,20981.44
13.4441,14.1827,12.8680,13.5240,1672790400,29228.72
13.4061,14.1466,12.9761,13.3600,1672876800,5569.87
13.4400,13.5186,12.7640,13.4253,1672963200,6613.77
13.0917,13.4439,13.0357,13.4203,1673049600,1315.48
14.4407,14.5580,12.9361,13.0922,1673136000,5993.07
16.2729,17.5316,14.2913,14.3948,1673222400,20488.03
16.2436,16.9799,15.5722,16.4149,1673308800,4948.90
16.3416,16.5984,15.4008,16.1600,1673395200,7433.21
16.6352,17.0000,15.7089,16.4099,1673481600,14644.21
18.2048,18.5569,15.8583,16.6551,1673568000,9326.57
24.2885,25.0000,18.2289,18.2289,1673654400,34247.43
22.8568,24.9299,21.0080,24.2505,1673740800,13150.40
23.5963,24.9589,22.4047,22.4996,1673827200,20824.81
23.2099,23.7930,22.9212,23.3102,1673913600,5411.72
20.8153,23.5700,20.1400,22.8623,1674000000,21764.09
21.4577,22.4636,20.4886,21.1341,1674086400,6262.06
25.5530,26.1291,20.9917,21.3695,1674172800,10438.64
24.5611,26.4492,24.4742,25.6668,1674259200,13655.36
24.2324,25.2957,23.6571,24.5688,1674345600,7651.51
24.3310,24.8000,23.9908,24.4169,1674432000,3918.73
22.8002,25.1486,22.3720,24.3091,1674518400,7345.28
24.6454,25.8499,22.3098,22.7900,1674604800,7702.00
24.3577,25.2070,23.9401,24.6674,1674691200,4032.40
24.4347,24.7931,23.4503,24.3141,1674777600,6588.20
23.8968,25.0756,23.7816,24.5268,1674864000,8113.12
26.1659,26.7679,23.9669,24.1127,1674950400,6390.33
23.9632,26.1859,23.3210,26.1859,1675036800,8070.78
23.9269,24.4321,23.5001,23.9044,1675123200,11591.44
24.9411,25.2065,22.5751,23.8422,1675209600,13300.13
24.2779,26.1064,24.1676,25.0320,1675296000,6927.54
24.8000,25.0370,24.1166,24.3396,1675382400,25276.23
24.3297,24.9001,24.0107,24.7998,1675468800,19144.07
23.4601,24.4119,23.0926,24.3900,1675555200,3444.86
22.7399,24.7248,22.5976,23.5576,1675641600,2639.24
23.8725,23.9250,22.6013,22.6399,1675728000,3163.48
23.2595,24.3083,22.6016,24.0226,1675814400,2399.42
20.5220,23.1900,20.0089,23.1119,1675900800,12629.54
20.0570,21.1715,19.7161,20.5964,1675987200,16360.75
20.8444,20.9250,20.2071,20.2180,1676073600,5562.10
21.6504,22.4874,20.6882,20.8132,1676160000,4213.99
20.8392,21.3528,19.8130,21.3528,1676246400,81887.62
21.8362,22.3600,20.6894,20.7761,1676332800,10794.26
23.9280,23.9280,21.4565,21.8791,1676419200,19664.90
22.3015,24.1413,22.2358,23.8462,1676505600,6837.82
23.1798,23.5425,22.0679,22.1849,1676592000,8156.19
23.4768,23.8163,22.7815,23.1560,1676678400,6881.23
24.8857,25.5829,23.3101,23.4547,1676764800,11809.73
26.0880,27.0532,24.1777,24.9515,1676851200,10515.68
24.9839,26.7711,23.9000,26.2884,1676937600,8012.98
24.1961,25.1040,23.2792,24.9790,1677024000,9199.86
23.8679,24.6296,23.6145,24.1749,1677110400,5401.81
23.0847,24.1431,22.5216,23.9615,1677196800,5753.92
22.4655,23.2666,21.5066,23.0844,1677283200,1699.21
23.2234,23.5296,22.3070,22.3070,1677369600,5592.27
22.6520,23.4079,21.0148,23.2024,1677456000,8463.78
22.0359,22.6939,21.7910,22.6939,1677542400,5020.09
22.3723,22.8541,21.5295,21.8122,1677628800,4594.53
22.0061,22.9593,21.7405,22.5191,1677715200,85174.29
21.3803,21.9267,20.2001,21.9267,1677801600,6440.33
20.8269,21.9999,20.0050,21.4093,1677888000,10058.64
20.8735,21.6181,20.8552,21.1810,1677974400,2849.94
20.5989,21.0637,20.4863,20.9711,1678060800,3167.81
20.2537,20.8815,19.6818,20.5682,1678147200,11135.41
18.4499,20.3147,18.2000,20.3147,1678233600,11401.09
17.3368,18.6599,16.8000,18.4364,1678320000,16388.95
18.3091,18.3091,16.0844,17.1626,1678406400,17192.23
18.2203,19.0000,17.0750,18.2478,1678492800,21986.71
20.3033,20.4417,17.8868,18.1392,1678579200,14395.19
20.3729,22.0000,18.9614,20.4039,1678665600,130642.06
20.9017,22.1358,19.8737,20.4007,1678752000,37079.86
19.2549,21.5406,18.7744,20.8675,1678838400,21742.32
19.7782,19.9118,18.9741,19.3117,1678924800,14876.84
21.6091,23.2300,19.5180,19.6972,1679011200,23041.71
21.1351,22.8774,21.0284,21.5675,1679097600,19332.75
21.9103,22.4111,21.2675,21.2675,1679184000,7981.73
22.2400,23.9378,20.9385,22.0386,1679270400,41450.14
22.6372,23.2590,21.6191,22.2474,1679356800,25988.83
21.4757,23.0303,21.0021,22.5147,1679443200,19790.26
22.2421,22.6486,21.1992,21.3673,1679529600,9191.21
20.6668,22.2559,20.3798,22.2554,1679616000,16333.10
20.4355,20.9457,20.1606,20.7571,1679702400,3906.65
20.9763,21.1600,20.4142,20.4393,1679788800,2319.31
19.9484,20.9667,19.4100,20.9667,1679875200,8246.45
20.3973,20.7000,19.6342,19.8997,1679961600,4566.65
21.1170,21.5089,20.4719,20.4719,1680048000,11084.09
20.5704,21.6300,20.2067,21.1700,1680134400,35763.77
21.2130,21.4643,20.1424,20.5765,1680220800,12032.29
21.1476,21.2924,20.7978,21.1723,1680307200,7674.58
20.5793,21.2089,20.3372,21.1422,1680393600,6204.46
20.4497,21.0011,20.0001,20.3057,1680480000,14833.58
20.9134,21.2100,20.3335,20.5120,1680566400,9003.57
20.9063,21.3000,20.3000,20.9194,1680652800,11972.40
20.6082,20.8777,20.4880,20.8777,1680739200,6528.42
20.4904,20.7302,20.2910,20.6136,1680825600,3182.86
20.0557,20.6887,19.9217,20.4258,1680912000,11403.80
20.3641,20.3778,19.9539,20.1623,1680998400,4342.36
20.9462,20.9462,20.1034,20.3339,1681084800,6444.55
22.9805,23.6676,20.8430,20.8430,1681171200,29005.57
23.9297,24.4999,22.4595,23.2786,1681257600,23873.47
24.3862,26.0000,23.7176,24.0413,1681344000,16859.28
24.7757,25.4434,23.7771,24.3661,1681430400,27567.49
24.1046,25.2000,23.9419,24.6010,1681516800,13387.18
25.2682,25.8800,24.0546,24.1492,1681603200,7918.59
24.5916,25.9432,24.3803,25.3737,1681689600,24523.25
24.6757,25.7900,24.0800,24.5588,1681776000,10852.25
22.5542,25.4582,21.8908,24.7645,1681862400,34733.34
22.1076,24.6000,21.6080,22.9112,1681948800,14471.19
21.2112,22.3587,20.6400,22.1138,1682035200,9351.55
21.9480,21.9480,21.1000,21.1856,1682121600,13451.55
21.4569,22.2077,20.5000,21.7953,1682208000,8675.66
21.4035,21.9549,21.0361,21.4721,1682294400,17234.42
21.9108,21.9366,20.1000,21.3187,1682380800,9570.45
21.2759,22.8780,20.5721,21.9500,1682467200,20245.79
22.2747,22.4900,21.2905,21.2905,1682553600,11966.02
23.3644,23.5049,22.2256,22.3264,1682640000,50339.29
23.1129,23.9000,22.9916,23.3900,1682726400,18284.00
23.0997,23.9299,22.9497,23.1848,1682812800,15654.52
21.9626,22.8680,21.5502,22.8680,1682899200,28273.50
22.2518,22.3354,21.7678,21.9309,1682985600,5891.24
22.1490,22.2825,21.2927,21.9636,1683072000,8811.68
21.7421,22.4758,21.6600,22.2811,1683158400,17104.30
22.8221,23.7499,21.7108,21.7338,1683244800,13677.66
21.9212,23.7499,21.7320,22.9086,1683331200,12888.02
21.7630,22.7856,21.7477,21.8557,1683417600,5641.65
20.6751,21.8012,20.0973,21.6690,1683504000,46960.31
20.6513,20.9672,20.4316,20.6430,1683590400,7991.55
20.9398,21.2498,19.8304,20.6600,1683676800,7534.47
20.2407,20.7055,19.7551,20.6446,1683763200,7116.07
20.9428,20.9877,19.6571,20.1607,1683849600,5989.25
20.8729,21.2193,19.9721,20.9275,1683936000,5577.56
20.9539,21.2393,20.6717,20.8090,1684022400,10015.10
21.0042,21.5045,20.7879,20.9455,1684108800,24427.36
20.6715,21.1208,20.4633,21.0835,1684195200,20085.70
21.1529,21.1529,20.4828,20.6617,1684281600,9776.23
20.3440,21.0739,20.1538,21.0133,1684368000,5517.34
20.3402,20.5053,20.2836,20.3224,1684454400,2011.29
20.2737,20.3315,20.1066,20.2411,1684540800,3705.80
19.6020,20.3448,19.4259,20.2679,1684627200,8657.59
19.5383,19.8825,19.2003,19.5916,1684713600,14862.88
20.0683,20.1532,19.4421,19.5946,1684800000,22292.27
19.2147,20.0214,18.7692,20.0214,1684886400,15787.63
19.2817,19.5238,18.8958,19.2225,1684972800,16133.60
19.3668,19.5331,19.1347,19.2160,1685059200,16814.11
20.4485,20.4882,19.3500,19.3698,1685145600,16035.79
20.7975,21.1157,20.3794,20.4682,1685232000,8791.25
20.5953,20.9610,20.2880,20.8286,1685318400,14667.98
21.2588,21.3909,20.5096,20.5953,1685404800,16007.46
20.8253,21.3212,20.4458,21.2667,1685491200,7482.41
20.5077,20.9685,20.4679,20.8298,1685577600,7340.86
21.3446,21.3446,20.4073,20.4665,1685664000,5781.59
21.1435,21.3436,21.0585,21.2331,1685750400,4564.61
22.0885,22.2644,21.2187,21.2187,1685836800,2707.22
20.1073,21.9513,19.3015,21.7650,1685923200,13497.99
20.4969,20.7118,19.2740,20.0231,1686009600,9167.47
18.6777,20.3325,18.6001,20.3325,1686096000,10217.90
18.8727,19.0976,18.0160,18.7949,1686182400,26112.50
17.3972,19.3242,17.1207,18.8142,1686268800,11383.92
15.7162,19.0000,12.8269,17.3619,1686355200,81459.74
15.5344,16.0849,15.1777,15.6845,1686441600,11541.87
15.2071,15.6500,14.7715,15.4602,1686528000,13136.68
14.9282,15.8742,14.8502,15.2345,1686614400,14766.66
14.4658,15.2785,14.2495,14.9543,1686700800,12936.16
14.7557,15.0158,14.2100,14.4954,1686787200,21526.54
15.3063,15.4054,14.4230,14.6946,1686873600,11451.49
15.6736,16.0560,15.2538,15.2888,1686960000,8088.76
15.4488,15.8273,15.3356,15.4944,1687046400,4211.83
16.1034,16.1034,15.3781,15.4001,1687132800,4817.90
16.6437,16.6437,15.7542,16.0544,1687219200,8950.08
17.2500,17.3900,16.5737,16.5823,1687305600,10504.36
16.6238,17.7299,16.5963,17.2600,1687392000,4842.31
17.1561,17.5052,16.2306,16.6320,1687478400,13038.49
16.6251,17.5144,16.4405,17.1435,1687564800,3621.84
16.9740,17.3379,16.6038,16.6304,1687651200,5896.75
16.2358,17.0904,16.0160,16.9474,1687737600,11869.44
16.6171,16.9021,16.1494,16.2332,1687824000,35223.98
16.0033,16.6376,15.6618,16.3709,1687910400,5884.44
17.9688,18.2000,15.9500,15.9993,1687996800,18437.10
18.9043,19.9500,17.4249,17.9827,1688083200,21677.50
18.6538,18.9703,17.9267,18.8605,1688169600,4675.30
19.4246,19.9793,18.5814,18.6848,1688256000,6059.15
19.2352,19.6419,18.9047,19.4558,1688342400,10032.38
19.1202,19.8500,19.1100,19.2579,1688428800,9359.67
18.9727,19.3385,18.4000,19.1202,1688515200,7109.71
19.6720,21.0170,18.8800,18.9838,1688601600,27455.29
21.4876,21.7673,19.3291,19.6870,1688688000,17584.10
21.8665,22.4073,21.3499,21.4971,1688774400,6450.77
21.3410,22.3488,21.0363,21.8600,1688860800,4861.59
21.3003,21.7000,20.4986,21.3287,1688947200,51423.41
22.0862,22.3450,21.2433,21.3115,1689033600,7459.31
21.9603,22.6955,21.8160,22.0371,1689120000,16613.52
25.9998,26.6618,21.4623,21.9174,1689206400,44847.44
26.7433,32.2722,21.0000,26.0410,1689292800,29579.38
27.2995,29.0769,26.6148,26.6815,1689379200,14186.73
27.3748,28.5811,26.5095,27.4835,1689465600,12302.52
26.8802,28.4117,25.7600,27.4263,1689552000,11969.70
25.5548,27.0450,24.8051,26.8174,1689638400,16220.01
26.3357,28.0013,25.4193,25.4846,1689724800,19216.80
25.3525,27.3479,25.0500,26.3353,1689811200,14284.31
25.5253,25.9681,25.0789,25.3681,1689897600,10179.96
24.5173,25.9529,24.0912,25.5062,1689984000,10793.79
24.7896,25.2162,24.1751,24.5121,1690070400,10311.92
23.3392,24.7837,22.8622,24.7476,1690156800,45070.95
23.3071,23.5450,22.6043,23.3398,1690243200,12385.31
25.1966,25.5946,23.2151,23.3400,1690329600,16239.33
25.1302,25.5700,24.5000,25.1814,1690416000,28920.59
24.8014,25.5004,24.5600,25.1330,1690502400,4602.24
25.1565,25.3628,24.7506,24.7801,1690588800,2306.53
24.2494,25.3699,23.6200,25.1387,1690675200,11855.60
23.7062,24.9705,23.6087,24.2028,1690761600,20282.54
23.9749,24.1443,22.8001,23.6699,1690848000,14522.05
23.1230,24.2112,22.9518,24.0502,1690934400,17882.62
22.6765,23.3531,22.4576,23.0888,1691020800,17127.07
22.8367,23.5069,22.5000,22.6300,1691107200,11012.38
22.6297,22.8884,22.2222,22.7308,1691193600,10576.09
23.1568,23.4705,22.5900,22.6486,1691280000,17289.01
23.0500,23.6300,22.3278,23.1672,1691366400,7017.01
24.1691,24.7400,23.0528,23.0790,1691452800,9041.79
24.3914,24.9500,24.1715,24.3200,1691539200,10857.70
24.6200,24.7904,24.1107,24.4116,1691625600,5680.12
24.5507,24.8168,24.3943,24.7135,1691712000,4174.49
24.8893,25.1748,24.4274,24.6546,1691798400,4528.63
24.3090,24.8216,24.2376,24.7641,1691884800,3039.99
25.1435,25.2300,24.1277,24.2089,1691971200,10512.32
23.8901,25.3153,23.7347,25.2000,1692057600,9341.42
22.7751,23.9993,22.3683,23.8631,1692144000,29898.49
21.7011,23.3448,20.0770,22.9025,1692230400,35635.40
21.2641,22.9989,20.9229,21.8945,1692316800,14749.68
21.9022,22.1219,21.3660,21.3911,1692403200,4888.71
21.7646,21.9950,21.5890,21.8764,1692489600,3671.55
21.2154,21.7523,20.3465,21.7523,1692576000,8775.50
20.5335,21.2336,19.4993,21.2164,1692662400,12850.94
21.6774,21.7796,20.3656,20.5854,1692748800,5505.73
21.0421,21.9287,20.7156,21.7804,1692835200,11744.93
20.3044,20.9965,20.1689,20.9965,1692921600,11910.76
20.2493,20.4049,19.8608,20.3694,1693008000,8010.52
20.7753,20.8624,20.2547,20.3636,1693094400,2246.37
20.5497,20.7476,20.0256,20.7311,1693180800,5212.28
21.7364,22.0161,20.1500,20.5426,1693267200,15273.57
20.8476,21.8940,20.6390,21.8464,1693353600,4287.56
19.8000,21.0196,19.4625,20.7422,1693440000,7393.12
19.2761,19.9100,19.0664,19.8627,1693526400,5303.21
19.4846,19.6093,19.2512,19.3720,1693612800,2649.51
19.5888,19.5888,19.3180,19.4676,1693699200,1692.66
19.4463,19.8400,19.2266,19.7780,1693785600,20285.43
20.2399,20.5898,19.1005,19.4608,1693872000,7930.56
19.5581,20.3713,19.1455,20.3713,1693958400,14199.80
19.9212,19.9985,19.3293,19.6498,1694044800,10809.62
19.5000,20.2122,19.4472,19.8986,1694131200,4649.97
19.4078,19.5741,19.4078,19.5322,1694217600,2075.95
18.3160,19.3911,17.8177,19.3911,1694304000,22515.65
17.7099,18.3966,17.3551,18.0693,1694390400,18981.03
17.9487,18.7597,17.6107,17.6107,1694476800,5039.75
18.3703,18.5198,17.8711,18.0183,1694563200,17989.83
18.8288,19.1559,18.4790,18.4790,1694649600,10063.08
19.2055,19.2548,18.6610,18.7400,1694736000,3291.76
19.1100,19.3839,18.8731,19.1491,1694822400,3051.16
18.7761,19.0804,18.6852,18.8001,1694908800,596.81
19.6298,20.1300,18.6767,18.7993,1694995200,11921.62
20.0541,20.3725,19.5683,19.6632,1695081600,12248.18
20.3629,20.4992,19.8734,20.0799,1695168000,3712.02
19.4089,20.2596,19.3299,20.2596,1695254400,5519.36
19.4712,19.7555,19.2693,19.3110,1695340800,2731.35
19.4156,19.5700,19.3884,19.5029,1695427200,94.34
19.3413,19.6664,19.2136,19.4902,1695513600,4469.31
19.3544,19.7229,19.1501,19.3492,1695600000,7776.48
19.0096,19.4927,18.9339,19.3826,1695686400,6003.15
19.1406,19.4745,18.7055,19.0485,1695772800,9612.88
19.8600,19.8600,19.1102,19.2935,1695859200,6071.40
20.3125,20.3872,19.9900,19.9900,1695945600,5420.08
21.3876,22.2197,20.0763,20.2858,1696032000,12373.12
23.8586,24.4679,21.1518,21.3186,1696118400,19474.89
23.3882,24.7354,22.8961,23.9200,1696204800,15103.77
23.5339,24.6614,22.0110,23.3687,1696291200,16376.37
23.2030,24.4999,22.5821,23.6656,1696377600,21971.51
22.7061,23.7199,22.5909,23.1001,1696464000,4131.48
23.3926,23.6918,22.6788,22.6788,1696550400,7354.36
23.2600,24.1918,23.2600,23.4196,1696636800,3225.53
23.2400,23.5701,23.1011,23.3099,1696723200,1633.60
22.0847,23.3299,21.5000,23.1150,1696809600,11444.24
22.1168,22.5257,21.6713,22.0600,1696896000,13545.12
21.9224,22.3827,21.7800,22.0827,1696982400,6956.48
21.2725,21.8221,20.9963,21.8221,1697068800,3922.68
21.8200,22.1394,21.1180,21.2845,1697155200,11564.77
21.9846,22.1800,21.8423,21.8703,1697241600,870.95
21.9248,22.1000,21.6855,21.9514,1697328000,1563.82
23.9709,24.7619,21.9238,21.9238,1697414400,14392.77
23.9343,24.5530,23.4747,23.9149,1697500800,8636.56
23.4351,24.3900,23.3877,23.9318,1697587200,7695.73
24.9333,25.7241,23.1789,23.4693,1697673600,12859.46
27.0500,27.4789,25.0172,25.0172,1697760000,17713.90
29.3922,30.2799,26.6665,27.0796,1697846400,20240.76
28.9301,29.8820,28.2754,29.3922,1697932800,19783.22
31.9412,32.8400,28.8694,29.0100,1698019200,38563.12
30.0709,33.3401,29.5997,31.9412,1698105600,28487.63
32.4844,33.7800,30.1055,30.1055,1698192000,29735.26
32.8500,33.2300,30.8200,32.3200,1698278400,20963.06
31.8335,33.2796,30.9190,32.6565,1698364800,7696.98
31.6316,32.4574,31.4379,31.8000,1698451200,1496.57
32.7600,33.1800,31.3776,31.5863,1698537600,6983.90
34.9560,35.1366,32.3558,32.9539,1698624000,12708.75
38.5100,38.5243,34.8936,34.9186,1698710400,14221.93
41.1306,47.3999,37.8909,38.5150,1698796800,38818.03
40.2338,44.5568,38.5739,41.1697,1698883200,32197.96
39.4510,40.0887,38.0191,39.5645,1698969600,26807.32
42.3423,43.0000,39.1540,39.2460,1699056000,16526.40
41.4500,42.6976,40.1730,42.4966,1699142400,12644.30
42.1334,42.4999,39.7221,41.1217,1699228800,10835.93
42.9400,44.8100,40.2729,42.2340,1699315200,26509.97
43.3633,43.8000,42.3207,42.8352,1699401600,15265.59
45.3800,48.8500,40.7000,43.0861,1699488000,77337.11
56.7189,57.4491,45.1857,45.1857,1699574400,99677.93
56.0507,64.2743,53.7823,56.7080,1699660800,85726.72
56.4271,63.9000,54.6278,56.9991,1699747200,33445.93
51.6615,59.7627,51.6615,56.0577,1699833600,43005.27
57.0869,58.7938,51.4000,51.4000,1699920000,33324.85
65.5761,67.3789,56.3200,57.8815,1700006400,68398.67
57.4800,68.1698,56.4200,65.7800,1700092800,61134.86
58.5600,60.4800,54.1009,57.8693,1700179200,24053.36
58.3700,59.2650,54.8333,57.7500,1700265600,7773.37
61.4399,62.0500,56.9359,57.5000,1700352000,14031.60
56.4600,61.1700,56.0700,60.8517,1700438400,21175.44
51.6701,57.2098,51.4982,56.2781,1700524800,23578.04
57.5810,58.9000,51.4982,51.4982,1700611200,13285.82
56.4562,59.1324,56.2000,57.7575,1700697600,9496.11
56.8131,59.8956,56.7548,57.0800,1700784000,11556.74
58.8500,59.8898,55.8297,56.3331,1700870400,6751.20
57.4000,59.5893,56.4986,58.7900,1700956800,4351.13
54.9900,57.9600,53.7901,57.9600,1701043200,7305.85
57.8047,58.6105,53.0241,55.0400,1701129600,12073.88
59.0901,61.6903,58.1200,58.2800,1701216000,16611.02
59.6400,61.6299,58.8998,59.0800,1701302400,18577.30
60.0001,61.7700,58.8459,59.1800,1701388800,12419.58
63.5997,65.2997,60.2100,60.2100,1701475200,9296.79
63.0799,65.4066,61.7001,63.9497,1701561600,10238.03
61.4800,65.2068,55.0000,63.0315,1701648000,25966.43
61.0400,62.5900,59.4103,61.0901,1701734400,14103.57
61.7800,66.4451,61.1143,61.1143,1701820800,27609.60
67.8798,69.3600,61.1000,61.7633,1701907200,41644.46
74.9500,75.1700,68.2000,68.2903,1701993600,35391.16
72.2400,77.6900,71.8600,75.3700,1702080000,18401.53
74.7198,74.7198,71.0200,72.2593,1702166400,5378.75
70.2400,74.4934,65.3293,74.4100,1702252800,11110.48
68.6061,73.7500,65.8500,70.5993,1702339200,28587.80
70.6460,72.4674,63.7600,68.2698,1702425600,25430.62
75.6700,76.0070,68.3199,70.7178,1702512000,29698.42
72.5905,79.4295,62.6200,75.5435,1702598400,23946.56
73.3402,77.1400,71.4801,72.7545,1702684800,7394.41
71.0411,74.6299,70.4273,73.7549,1702771200,11260.14
74.4430,75.4389,67.3000,70.8140,1702857600,15480.84
72.9961,76.9967,71.8095,74.5657,1702944000,26214.61
82.0654,84.0600,73.2600,73.3100,1703030400,30576.96
93.7689,98.2400,81.0835,82.3527,1703116800,49934.90
97.8570,99.3368,90.3453,94.3686,1703203200,29029.94
96.9093,98.0137,93.1487,97.5888,1703289600,23562.02
